Workbook

Sheet Instructions

Sheet Data
A1: Observation | B1: Demand (units/period) | C1: Lead Time (periods) | D1: Notes
A2: 1 | B2: 18 | C2: 3 | F2: Tip: leave blanks for missing values. Avoid typing 0 unless demand/lead time truly was zero.
A3: 2 | B3: 21 | C3: 4
A4: 3 | B4: 19 | C4: 3
A5: 4 | B5: 23 | C5: 5
A6: 5 | B6: 17 | C6: 4
A7: 6 | B7: 20 | C7: 3
A8: 7 | B8: 22 | C8: 4
A9: 8 | B9: 18 | C9: 5
A10: 9 | B10: 24 | C10: 3
A11: 10 | B11: 19 | C11: 4
A12: 11 | B12: 21 | C12: 4
A13: 12 | B13: 20 | C13: 3
A14: 13 | B14: 23 | C14: 5
... A31: 30 | B31: 22 | C31: 5
A32: 31
A33: 32
A34: 33
A35: 34
A36: 35
A37: 36
A38: 37
A39: 38
A40: 39
A41: 40
A42: 41
A43: 42
... A201: 200

Sheet Model
A1: Kanban Calculations
A2: Blue/yellow cells are inputs you can change.
A4: Inputs | D4: Recommended Cards
A5: Demand basis | B5: Average | C5: Choose: Average or P90 | D5: =B36 -> 7
A6: Lead time basis | B6: P90 | C6: Choose: Average, P90, or Max | D6: Reorder point (units) | E6: =B35 -> 128.0416
A7: Container size (units per card) | B7: 20 | C7: Example: 20 units per bin/card | D7: Reminder | E7: Reminder: Kanban is discrete—round up to whole units/cards. If demand or lead time is volatile, use P90/Max lead time and/or higher safety.
A8: Safety method | B8: Service Level (Z) | C8: Choose: Percent or Service Level (Z)
A9: Safety factor (percent) | C9: Used only if Safety method = Percent (e.g., 0.10 = 10%)
A10: Service level (0–1) | B10: 0.95 | C10: Used only if Safety method = Service Level (Z) (e.g., 0.95)
A12: Data summary (from Data sheet)
A13: Avg Demand | B13: =IFERROR(AVERAGEIF(Data!B2:B201,">0"),"") -> 20.4 | C13: auto
A14: P90 Demand | B14: =_xlfn.PERCENTILE.INC(Data!B2:B201, 0.9) -> 23.1 | C14: auto
A15: Std Dev Demand | B15: =_xlfn.STDEV.S(Data!B2:B201) -> 2.1431527 | C15: auto
A16: Avg Lead Time | B16: =IFERROR(AVERAGEIF(Data!C2:C201,">0"),"") -> 3.9333333 | C16: auto
A17: P90 Lead Time | B17: =_xlfn.PERCENTILE.INC(Data!C2:C201, 0.9) -> 5 | C17: auto
A18: Max Lead Time | B18: =IFERROR(MAX(Data!C2:C201),"") -> 5 | C18: auto
A19: Std Dev Lead Time | B19: =_xlfn.STDEV.S(Data!C2:C201) -> 0.73967996 | C19: auto
A22: Chosen values (based on your inputs)
A23: Chosen Demand | B23: =IF(B5="Average", B13, B14) -> 20.4
A24: Chosen Lead Time | B24: =IF(B6="Average", B16, IF(B6="P90", B17, B18)) -> 5
A25: Z (from service level) | B25: =_xlfn.NORM.S.INV(B10) -> 1.6448536
A27: Lead-time demand & sizing
A28: Expected lead-time demand (units) | B28: =B23*B24 -> 102
A29: Planned lead-time demand (rounded up) | B29: =ROUNDUP(B28,0) -> 102
A31: Std Dev of demand during lead time (units) | B31: =SQRT( (B24 * B15^2) + (B23^2 * B19^2) ) -> 15.832172
A32: Safety stock (Z method, units) | B32: =B25 * B31 -> 26.041605
A33: Safety stock (Percent method, units) | B33: =IF($B$8="Percent",B28*$B$9,"")
A35: Reorder point / Kanban base (units) | B35: =B29 + B32 -> 128.0416
A36: Recommended Kanban cards (containers) | B36: =IFERROR(ROUNDUP(B35 / $B$7, 0), "") -> 7
A39: Data quality checks
A40: Demand rows entered | B40: =COUNT(Data!B2:B201) -> 30
A41: Lead time rows entered | B41: =COUNT(Data!C2:C201) -> 30
A42: If counts are low (<10), averages/percentiles may be unstable.

Sheet Math (Referance)
